Date,Price,SMA50,SMA200
2020-01-02,72.6208,,
2020-01-03,71.9148,,
2020-01-06,72.4879,,
2020-01-07,72.1469,,
2020-01-08,73.3075,,
2020-01-09,74.8646,,
2020-01-10,75.0339,,
2020-01-13,76.6369,,
2020-01-14,75.6021,,
2020-01-15,75.2781,,
2020-01-16,76.2211,,
2020-01-17,77.0649,,
2020-01-21,76.5426,,
2020-01-22,76.8158,,
2020-01-23,77.1858,,
2020-01-24,76.9633,,
2020-01-27,74.7002,,
2020-01-28,76.8134,,
2020-01-29,78.4213,,
2020-01-30,78.3077,,
2020-01-31,74.8356,,
2020-02-03,74.6301,,
2020-02-04,77.0939,,
2020-02-05,77.7226,,
2020-02-06,78.6317,,
2020-02-07,77.5629,,
2020-02-10,77.9312,,
2020-02-11,77.4611,,
2020-02-12,79.3006,,
2020-02-13,78.7359,,
2020-02-14,78.7553,,
2020-02-18,77.3132,,
2020-02-19,78.4329,,
2020-02-20,77.6283,,
2020-02-21,75.8712,,
2020-02-24,72.2673,,
2020-02-25,69.8194,,
2020-02-26,70.927,,
2020-02-27,66.2906,,
2020-02-28,66.2519,,
2020-03-02,72.4199,,
2020-03-03,70.1199,,
2020-03-04,73.3724,,
2020-03-05,70.9924,,
2020-03-06,70.0497,,
2020-03-09,64.5093,,
2020-03-10,69.1553,,
2020-03-11,66.7535,,
2020-03-12,60.1613,,
2020-03-13,67.3691,74.0259,
2020-03-16,58.7023,73.7475,
2020-03-17,61.2835,73.5349,
2020-03-18,59.7832,73.2808,
2020-03-19,59.3252,73.0244,
2020-03-20,55.5589,72.6694,
2020-03-23,54.3786,72.2597,
2020-03-24,59.8341,71.9557,
2020-03-25,59.5045,71.613,
2020-03-26,62.6358,71.3537,
2020-03-27,60.0426,71.049,
2020-03-30,61.7561,70.7597,
2020-03-31,61.63,70.451,
2020-04-01,58.3872,70.0879,
2020-04-02,59.3615,69.7388,
2020-04-03,58.5084,69.3653,
2020-04-06,63.6125,69.0983,
2020-04-07,62.8758,68.8618,
2020-04-08,64.485,68.6152,
2020-04-09,64.9504,68.3458,
2020-04-13,66.2252,68.1041,
2020-04-14,69.5698,67.9988,
2020-04-15,68.9348,67.8849,
2020-04-16,69.4825,67.7327,
2020-04-17,68.5397,67.549,
2020-04-20,67.1171,67.3187,
2020-04-21,65.0425,67.0683,
2020-04-22,66.9159,66.848,
2020-04-23,66.6566,66.6319,
2020-04-24,68.581,66.4175,
2020-04-27,68.6294,66.2154,
2020-04-28,67.517,65.9906,
2020-04-29,69.7346,65.8391,
2020-04-30,71.2057,65.6945,
2020-05-01,70.0594,65.5431,
2020-05-04,71.0506,65.4467,
2020-05-05,72.117,65.4437,
2020-05-06,72.8611,65.5046,
2020-05-07,73.6148,65.5583,
2020-05-08,75.367,65.7398,
2020-05-11,76.5529,65.9459,
2020-05-12,75.678,66.011,
2020-05-13,74.7643,66.1039,
2020-05-14,75.2236,66.1409,
2020-05-15,74.7789,66.2167,
2020-05-18,76.5407,66.3465,
2020-05-19,76.0984,66.5783,
2020-05-20,77.5784,66.7467,
2020-05-21,77,66.9517,
2020-05-22,77.4958,67.2983,
2020-05-26,76.9709,67.4904,
2020-05-27,77.3062,67.8625,
2020-05-28,77.3402,68.1836,
2020-05-29,77.2649,68.5332,
2020-06-01,78.2151,68.911,
2020-06-02,78.5772,69.3714,
2020-06-03,79.0098,69.864,
2020-06-04,78.3293,70.2339,
2020-06-05,80.5602,70.655,
2020-06-08,81.0365,71.0231,
2020-06-09,83.5955,71.4941,
2020-06-10,85.7462,71.9739,
2020-06-11,81.6295,72.3739,
2020-06-12,82.3342,72.8528,
2020-06-15,83.3525,73.3327,
2020-06-16,85.5615,73.8737,
2020-06-17,85.4424,74.3103,
2020-06-18,85.4765,74.7623,
2020-06-19,84.988,75.1724,
2020-06-22,87.2116,75.6176,
2020-06-23,89.0731,76.0746,
2020-06-24,87.5008,76.4332,
2020-06-25,88.6624,76.8278,
2020-06-26,85.9382,77.1569,
2020-06-29,87.9188,77.5444,
2020-06-30,88.6527,77.9752,
2020-07-01,88.485,78.444,
2020-07-02,88.485,78.8754,
2020-07-06,90.852,79.3593,
2020-07-07,90.5701,79.7991,
2020-07-08,92.6795,80.2801,
2020-07-09,93.078,80.7913,
2020-07-10,93.2409,81.2614,
2020-07-13,92.8107,81.6935,
2020-07-14,94.3466,82.1793,
2020-07-15,94.9955,82.6582,
2020-07-16,93.8265,83.0924,
2020-07-17,93.637,83.5079,
2020-07-20,95.6103,83.9478,
2020-07-21,94.2907,84.3263,
2020-07-22,94.5556,84.6863,
2020-07-23,90.2517,84.9778,
2020-07-24,90.0282,85.2831,
2020-07-27,92.1619,85.6218,
2020-07-28,90.6479,85.9392,
2020-07-29,92.3854,86.2561,
2020-07-30,93.5033,86.6042,
2020-07-31,103.292,87.1185,
2020-08-03,105.895,87.6964,
2020-08-04,106.602,88.2785,
2020-08-05,106.988,88.8789,
2020-08-06,110.721,89.5471,
2020-08-07,108.204,90.1644,
2020-08-10,109.776,90.8147,
2020-08-11,106.512,91.3806,
2020-08-12,110.052,92.0101,
2020-08-13,111.999,92.6699,
2020-08-14,111.899,93.3413,
2020-08-17,111.607,93.9622,
2020-08-18,112.537,94.5922,
2020-08-19,112.678,95.1739,
2020-08-20,115.179,95.7625,
2020-08-21,121.114,96.5522,
2020-08-24,122.563,97.3568,
2020-08-25,121.557,98.1209,
2020-08-26,123.21,98.8739,
2020-08-27,121.737,99.5998,
2020-08-28,121.54,100.321,
2020-08-31,125.662,101.135,
2020-09-01,130.667,102.004,
2020-09-02,127.96,102.781,
2020-09-03,117.716,103.386,
2020-09-04,117.793,103.968,
2020-09-08,109.867,104.447,
2020-09-09,114.249,104.973,
2020-09-10,110.519,105.411,
2020-09-11,109.068,105.822,
2020-09-14,112.34,106.3,
2020-09-15,112.515,106.733,
2020-09-16,109.195,107.105,
2020-09-17,107.451,107.401,
2020-09-18,104.043,107.62,
2020-09-21,107.198,107.899,
2020-09-22,108.883,108.221,
2020-09-23,104.316,108.42,
2020-09-24,105.387,108.628,
2020-09-25,109.341,108.938,
2020-09-28,111.951,109.304,
2020-09-29,111.103,109.614,
2020-09-30,112.778,109.984,
2020-10-01,113.733,110.368,
2020-10-02,110.061,110.764,
2020-10-05,113.45,111.232,
2020-10-06,110.198,111.593,
2020-10-07,112.067,112.021,
2020-10-08,111.96,112.413,
2020-10-09,113.908,112.821,
2020-10-12,121.143,113.178,
2020-10-13,117.93,113.419,
2020-10-14,118.017,113.647,
2020-10-15,117.55,113.858,86.0633
2020-10-16,115.904,113.962,86.2797
2020-10-19,112.944,114.057,86.4849
2020-10-20,114.434,114.15,86.6946
2020-10-21,113.811,114.296,86.9029
2020-10-22,112.72,114.349,87.1
2020-10-23,112.028,114.35,87.2858
2020-10-26,112.038,114.352,87.4708
2020-10-27,113.548,114.391,87.6554
2020-10-28,108.289,114.306,87.8188
2020-10-29,112.301,114.299,88.0039
2020-10-30,106.01,114.115,88.1529
2020-11-02,105.923,113.812,88.2972
2020-11-03,107.549,113.511,88.4522
2020-11-04,111.941,113.319,88.6278
2020-11-05,115.914,113.173,88.8215
2020-11-06,115.782,113.054,89.0156
2020-11-09,113.47,112.893,89.2094
2020-11-10,113.129,112.642,89.391
2020-11-11,116.563,112.36,89.5817
2020-11-12,116.29,112.126,89.7716
2020-11-13,116.338,112.099,89.9791
2020-11-16,117.353,112.09,90.1927
2020-11-17,116.465,112.222,90.3896
2020-11-18,115.138,112.24,90.5767
2020-11-19,115.734,112.344,90.7622
2020-11-20,114.465,112.452,90.9467
2020-11-23,111.061,112.426,91.1123
2020-11-24,112.349,112.423,91.2868
2020-11-25,113.187,112.503,91.4562
2020-11-27,113.734,112.629,91.6312
2020-11-30,116.133,112.87,91.8181
2020-12-01,119.714,113.121,92.0301
2020-12-02,120.065,113.344,92.2383
2020-12-03,119.928,113.657,92.4498
2020-12-04,119.255,113.934,92.6667
2020-12-07,120.718,114.162,92.9089
2020-12-08,121.333,114.349,93.1665
2020-12-09,118.797,114.503,93.4058
2020-12-10,120.221,114.652,93.6755
2020-12-11,119.411,114.765,93.9413
2020-12-14,118.797,114.94,94.1732
2020-12-15,124.747,115.166,94.4463
2020-12-16,124.679,115.456,94.7028
2020-12-17,125.547,115.725,94.9756
2020-12-18,123.557,115.957,95.2432
2020-12-21,125.089,116.181,95.5461
2020-12-22,128.649,116.331,95.8435
2020-12-23,127.752,116.527,96.1485
2020-12-24,128.737,116.742,96.4914
2020-12-28,133.341,117.058,96.8213
2020-12-29,131.566,117.371,97.1856
2020-12-30,130.444,117.721,97.5314
2020-12-31,129.439,118.021,97.8797
2021-01-04,126.24,118.27,98.2142
2021-01-05,127.8,118.571,98.5754
2021-01-06,123.499,118.801,98.921
2021-01-07,127.713,119.114,99.2604
2021-01-08,128.815,119.419,99.607
2021-01-11,125.82,119.77,99.9229
2021-01-12,125.645,120.037,100.251
2021-01-13,127.683,120.47,100.581
2021-01-14,125.752,120.867,100.901
2021-01-15,124.025,121.196,101.229
2021-01-19,124.698,121.452,101.556
2021-01-20,128.796,121.709,101.907
2021-01-21,133.517,122.064,102.257
2021-01-22,135.663,122.508,102.621
2021-01-25,139.419,123.034,102.996
2021-01-26,139.653,123.495,103.369
2021-01-27,138.58,123.941,103.731
2021-01-28,133.732,124.289,104.052
2021-01-29,128.727,124.517,104.351
2021-02-01,130.854,124.804,104.658
2021-02-02,131.683,125.135,104.973
2021-02-03,130.659,125.434,105.291
2021-02-04,134.024,125.825,105.636
2021-02-05,133.609,126.276,105.969
2021-02-08,133.756,126.704,106.305
2021-02-09,132.876,127.098,106.626
2021-02-10,132.271,127.469,106.944
2021-02-11,132.017,127.786,107.267
2021-02-12,132.251,128.037,107.58
2021-02-16,130.121,128.238,107.874
2021-02-17,127.825,128.396,108.163
2021-02-18,126.721,128.545,108.441
2021-02-19,126.878,128.669,108.715
2021-02-22,123.097,128.704,108.966
2021-02-23,122.96,128.787,109.213
2021-02-24,122.462,128.832,109.449
2021-02-25,118.202,128.808,109.657
2021-02-26,118.466,128.801,109.871
2021-03-01,124.846,128.803,110.121
2021-03-02,122.237,128.754,110.356
2021-03-03,119.248,128.628,110.579
2021-03-04,117.362,128.504,110.783
2021-03-05,118.622,128.375,110.995
2021-03-08,113.679,128.076,111.176
2021-03-09,118.3,127.887,111.382
2021-03-10,117.216,127.656,111.581
2021-03-11,119.15,127.372,111.792
2021-03-12,118.241,127.106,111.996
2021-03-15,121.133,126.92,112.215
2021-03-16,122.677,126.784,112.442
2021-03-17,121.885,126.697,112.661
2021-03-18,117.753,126.496,112.857
2021-03-19,117.225,126.371,113.048
2021-03-22,120.547,126.228,113.259
2021-03-23,119.717,126.046,113.455
2021-03-24,117.323,125.876,113.636
2021-03-25,117.812,125.719,113.807
2021-03-26,118.417,125.534,113.97
2021-03-29,118.593,125.39,114.155
2021-03-30,117.137,125.253,114.329
2021-03-31,119.336,125.145,114.509
2021-04-01,120.166,124.973,114.682
2021-04-05,122.999,124.763,114.87
2021-04-06,123.302,124.515,115.059
2021-04-07,124.953,124.226,115.259
2021-04-08,127.356,123.98,115.46
2021-04-09,129.936,123.807,115.664
2021-04-12,128.216,123.697,115.868
2021-04-13,131.333,123.749,116.081
2021-04-14,128.988,123.712,116.296
2021-04-15,131.401,123.706,116.514
2021-04-16,131.069,123.714,116.726
2021-04-19,131.733,123.668,116.942
2021-04-20,130.043,123.597,117.15
2021-04-21,130.424,123.53,117.348
2021-04-22,128.9,123.451,117.539
2021-04-23,131.225,123.43,117.732
2021-04-26,131.616,123.422,117.925
2021-04-27,131.294,123.403,118.115
2021-04-28,130.502,123.411,118.303
2021-04-29,130.405,123.462,118.484
2021-04-30,128.431,123.496,118.651
2021-05-03,129.486,123.548,118.829
2021-05-04,124.904,123.585,118.985
2021-05-05,125.149,123.628,119.133
2021-05-06,126.751,123.714,119.295
2021-05-07,127.426,123.899,119.46
2021-05-10,124.138,124.012,119.629
2021-05-11,123.218,123.979,119.795
2021-05-12,120.145,123.938,119.935
2021-05-13,122.298,123.999,120.093
2021-05-14,124.725,124.146,120.255
2021-05-17,123.57,124.245,120.405
2021-05-18,122.181,124.415,120.5
2021-05-19,122.024,124.489,120.58
2021-05-20,124.588,124.637,120.67
2021-05-21,122.748,124.709,120.749
2021-05-24,124.382,124.832,120.818
2021-05-25,124.187,124.893,120.897
2021-05-26,124.138,124.922,120.969
2021-05-27,122.601,124.936,121.05
2021-05-28,121.946,125.02,121.109
2021-06-01,121.623,125.108,121.157
2021-06-02,122.386,125.145,121.21
2021-06-03,120.899,125.168,121.256
2021-06-04,123.198,125.286,121.309
2021-06-07,123.208,125.394,121.362
2021-06-08,124.03,125.506,121.406
2021-06-09,124.412,125.623,121.423
2021-06-10,123.414,125.748,121.427
2021-06-11,124.627,125.854,121.442
2021-06-14,127.69,126.004,121.465
2021-06-15,126.868,126.082,121.491
2021-06-16,127.367,126.163,121.52
2021-06-17,128.972,126.243,121.536
2021-06-18,127.671,126.25,121.521
2021-06-21,129.471,126.24,121.529
2021-06-22,131.115,126.298,121.596
2021-06-23,130.841,126.289,121.661
2021-06-24,130.558,126.32,121.764
2021-06-25,130.264,126.297,121.845
2021-06-28,131.898,126.314,121.951
2021-06-29,133.415,126.347,122.073
2021-06-30,134.032,126.427,122.182
2021-07-01,134.335,126.505,122.291
2021-07-02,136.968,126.667,122.43
2021-07-06,138.983,126.822,122.587
2021-07-07,141.479,127.019,122.774
2021-07-08,140.177,127.197,122.939
2021-07-09,142.007,127.427,123.105
2021-07-12,141.41,127.647,123.29
2021-07-13,142.526,127.929,123.476
2021-07-14,145.961,128.259,123.659
2021-07-15,145.305,128.667,123.826
2021-07-16,143.26,129.029,123.987
2021-07-19,139.404,129.282,124.12
2021-07-20,143.025,129.594,124.266
2021-07-21,142.291,129.957,124.428
2021-07-22,143.661,130.366,124.579
2021-07-23,145.384,130.871,124.755
2021-07-26,145.804,131.341,124.923
2021-07-27,143.632,131.719,125.082
2021-07-28,141.88,132.085,125.221
2021-07-29,142.526,132.492,125.328
2021-07-30,142.741,132.906,125.452
2021-08-02,142.409,133.263,125.574
2021-08-03,144.209,133.692,125.708
2021-08-04,143.808,134.08,125.847
2021-08-05,143.916,134.475,126.002
2021-08-06,143.23,134.857,126.146
2021-08-09,143.181,135.268,126.293
2021-08-10,142.7,135.683,126.443
2021-08-11,142.955,136.11,126.597
2021-08-12,145.925,136.581,126.767
2021-08-13,146.131,137.086,126.93
2021-08-16,148.11,137.584,127.129
2021-08-17,147.199,138.064,127.303
2021-08-18,143.445,138.452,127.491
2021-08-19,143.779,138.839,127.68
2021-08-20,145.239,139.276,127.868
2021-08-23,146.729,139.718,128.042
2021-08-24,146.64,140.097,128.196
2021-08-25,145.405,140.468,128.344
2021-08-26,144.602,140.812,128.5
2021-08-27,145.641,141.146,128.662
2021-08-30,150.071,141.594,128.83
2021-08-31,148.806,141.98,128.992
2021-09-01,149.473,142.347,129.158
2021-09-02,150.59,142.742,129.324
2021-09-03,151.227,143.156,129.498
2021-09-07,153.57,143.622,129.69
2021-09-08,152.021,144.024,129.872
2021-09-09,151.002,144.376,130.054
2021-09-10,146.003,144.616,130.229
2021-09-13,146.572,144.86,130.4
2021-09-14,145.17,145.024,130.56
2021-09-15,146.062,145.166,130.722
2021-09-16,145.827,145.253,130.87
2021-09-17,143.151,145.312,130.987
2021-09-20,140.093,145.274,131.087
2021-09-21,140.574,145.257,131.191
2021-09-22,142.945,145.266,131.309
2021-09-23,143.906,145.225,131.425
2021-09-24,143.994,145.198,131.538
2021-09-27,142.475,145.183,131.657
2021-09-28,139.084,145.176,131.751
2021-09-29,139.986,145.115,131.854
2021-09-30,138.682,145.043,131.953
2021-10-01,139.809,144.966,132.029
2021-10-04,136.369,144.786,132.087
2021-10-05,138.3,144.636,132.151
2021-10-06,139.172,144.547,132.229
2021-10-07,140.436,144.518,132.306
2021-10-08,140.054,144.468,132.363
2021-10-11,139.966,144.413,132.424
2021-10-12,138.692,144.339,132.474
2021-10-13,138.104,144.216,132.497
2021-10-14,140.897,144.158,132.544
2021-10-15,141.956,144.119,132.602
2021-10-18,143.631,144.127,132.673
2021-10-19,145.797,144.179,132.77
2021-10-20,146.288,144.251,132.863
2021-10-21,146.503,144.322,132.978
2021-10-22,145.729,144.318,133.068
2021-10-25,145.68,144.309,133.152
2021-10-26,146.346,144.274,133.255
2021-10-27,145.886,144.248,133.356
2021-10-28,149.532,144.369,133.465
2021-10-29,146.817,144.43,133.571
2021-11-01,145.993,144.445,133.68
2021-11-02,147.032,144.451,133.792
2021-11-03,148.473,144.488,133.89
2021-11-04,147.954,144.539,133.963
2021-11-05,148.484,144.616,134.027
2021-11-08,147.659,144.657,134.068
2021-11-09,148.022,144.616,134.11
2021-11-10,145.186,144.543,134.143
2021-11-11,145.137,144.457,134.2
2021-11-12,147.217,144.389,134.292
2021-11-15,147.227,144.309,134.374
2021-11-16,148.209,144.202,134.457
2021-11-17,150.653,144.175,134.557
2021-11-18,154.952,144.254,134.661
2021-11-19,157.582,144.485,134.781
2021-11-22,158.044,144.715,134.903
2021-11-23,158.426,144.98,135.03
2021-11-24,158.947,145.238,135.164
2021-11-26,153.911,145.399,135.273
2021-11-29,157.278,145.682,135.398
2021-11-30,162.245,146.125,135.559
2021-12-01,161.724,146.548,135.729
2021-12-02,160.733,146.904,135.899
2021-12-03,158.848,147.202,136.058
2021-12-06,162.264,147.568,136.254
2021-12-07,168.016,148.079,136.48
2021-12-08,171.844,148.734,136.727
2021-12-09,171.333,149.361,136.992
2021-12-10,176.133,150.11,137.281
2021-12-13,172.492,150.763,137.519
2021-12-14,171.108,151.458,137.763
2021-12-15,175.986,152.212,138.047
2021-12-16,169.076,152.81,138.305
2021-12-17,167.977,153.361,138.552
2021-12-20,166.612,153.892,138.817
2021-12-21,169.792,154.489,139.074
2021-12-22,172.393,155.163,139.35
2021-12-23,173.022,155.861,139.619
2021-12-27,176.997,156.583,139.913
2021-12-28,175.976,157.263,140.187
2021-12-29,176.064,157.912,140.454
2021-12-30,174.906,158.494,140.72
2021-12-31,174.288,159.054,141.002
2022-01-03,178.646,159.697,141.309
2022-01-04,176.378,160.31,141.588
2022-01-05,171.687,160.83,141.848
2022-01-06,168.821,161.28,142.106
2022-01-07,168.988,161.742,142.362
2022-01-10,169.007,162.131,142.615
2022-01-11,171.844,162.632,142.881
2022-01-12,172.285,163.158,143.157
2022-01-13,169.007,163.597,143.405
2022-01-14,169.871,164.025,143.654
2022-01-18,166.661,164.399,143.872
2022-01-19,163.157,164.693,144.071
2022-01-20,161.469,164.969,144.254
2022-01-21,159.408,165.197,144.414
2022-01-24,158.633,165.465,144.557
2022-01-25,156.827,165.699,144.7
2022-01-26,156.738,165.89,144.827
2022-01-27,156.277,166.071,144.964
2022-01-28,167.182,166.45,145.143
2022-01-31,171.549,166.868,145.345
2022-02-01,171.382,167.197,145.543
2022-02-02,172.59,167.497,145.756
2022-02-03,169.704,167.73,145.953
2022-02-04,169.419,167.95,146.155
2022-02-07,168.702,168.145,146.343
2022-02-08,171.817,168.503,146.544
2022-02-09,173.242,168.822,146.753
2022-02-10,169.154,168.961,146.947
2022-02-11,165.734,169.041,147.123
2022-02-14,165.97,169.145,147.311
2022-02-15,169.812,169.365,147.513
2022-02-16,169.576,169.511,147.736
2022-02-17,165.97,169.47,147.94
2022-02-18,164.417,169.322,148.128
2022-02-22,161.488,169.125,148.299
2022-02-23,157.311,168.748,148.465
2022-02-24,159.935,168.497,148.648
2022-02-25,162.009,168.315,148.857
2022-02-28,162.274,168.041,149.057
2022-03-01,160.387,167.867,149.236
2022-03-02,163.689,167.781,149.436
2022-03-03,163.365,167.716,149.642
2022-03-04,160.358,167.528,149.834
2022-03-07,156.555,167.211,149.994
2022-03-08,154.727,166.845,150.154
2022-03-09,160.142,166.508,150.332
2022-03-10,155.788,166.104,150.49
2022-03-11,152.063,165.624,150.63
2022-03-14,148.024,165.087,150.757
2022-03-15,152.417,164.649,150.909
2022-03-16,156.84,164.213,151.086
2022-03-17,157.852,163.842,151.263
2022-03-18,161.154,163.632,151.464
2022-03-21,162.53,163.506,151.661
2022-03-22,165.911,163.444,151.874
2022-03-23,167.277,163.41,152.091
2022-03-24,171.07,163.394,152.324
2022-03-25,171.709,163.383,152.565
2022-03-28,172.574,163.454,152.805
2022-03-29,175.876,163.574,153.046
2022-03-30,174.706,163.735,153.285
2022-03-31,171.601,163.904,153.506
2022-04-01,171.306,164.101,153.718
2022-04-04,175.365,164.42,153.956
2022-04-05,172.043,164.688,154.169
2022-04-06,168.869,164.929,154.358
2022-04-07,169.173,165.178,154.55
2022-04-08,167.159,165.395,154.733
2022-04-11,162.893,165.31,154.896
2022-04-12,164.771,165.174,155.06
2022-04-13,167.463,165.096,155.231
2022-04-14,162.441,164.893,155.373
2022-04-18,162.225,164.743,155.512
2022-04-19,164.515,164.645,155.65
2022-04-20,164.348,164.558,155.777
2022-04-21,163.552,164.393,155.887
2022-04-22,159.002,164.108,155.981
2022-04-25,160.073,163.926,156.071
2022-04-26,154.098,163.693,156.135
2022-04-27,153.872,163.451,156.192
2022-04-28,160.82,163.272,156.266
2022-04-29,154.933,162.979,156.314
2022-05-02,155.238,162.764,156.374
2022-05-03,156.732,162.61,156.461
2022-05-04,163.159,162.644,156.561
2022-05-05,154.068,162.579,156.62
2022-05-06,154.797,162.476,156.676
2022-05-09,149.659,162.229,156.697
2022-05-10,152.07,162.025,156.728
2022-05-11,144.187,161.701,156.731
2022-05-12,140.309,161.234,156.723
2022-05-13,144.787,160.862,156.735
2022-05-16,143.242,160.52,156.737
2022-05-17,146.884,160.326,156.76
2022-05-18,138.596,160.004,156.731
2022-05-19,135.181,159.504,156.688
2022-05-20,135.417,159.097,156.646
2022-05-23,140.85,158.873,156.634
2022-05-24,138.144,158.675,156.609
2022-05-25,138.301,158.393,156.587
2022-05-26,141.51,158.086,156.58
2022-05-27,147.277,157.875,156.586
2022-05-31,146.49,157.581,156.588
2022-06-01,146.362,157.258,156.579
2022-06-02,148.822,156.916,156.587
2022-06-03,143.084,156.432,156.586
2022-06-06,143.832,155.888,156.586
2022-06-07,146.362,155.381,156.592
2022-06-08,145.624,154.842,156.586
2022-06-09,140.388,154.132,156.555
2022-06-10,134.965,153.337,156.503
2022-06-13,129.798,152.501,156.429
2022-06-14,130.664,151.688,156.354
2022-06-15,133.292,150.847,156.27
2022-06-16,128.006,149.966,156.166
2022-06-17,129.483,149.178,156.066
2022-06-21,133.725,148.469,155.982
2022-06-22,133.213,147.79,155.891
2022-06-23,136.087,147.254,155.804
2022-06-24,139.423,146.747,155.741
2022-06-27,139.423,146.187,155.683
2022-06-28,135.27,145.643,155.629
2022-06-29,137.032,145.139,155.582
2022-06-30,134.561,144.54,155.529
2022-07-01,136.736,143.988,155.482
2022-07-05,139.325,143.503,155.45
2022-07-06,140.663,143.137,155.437
2022-07-07,144.039,142.816,155.457
2022-07-08,144.718,142.628,155.478
2022-07-11,142.583,142.403,155.476
2022-07-12,143.557,142.057,155.474
2022-07-13,143.193,141.823,155.47
2022-07-14,146.126,141.64,155.488
2022-07-15,147.799,141.462,155.532
2022-07-18,144.748,141.093,155.556
2022-07-19,148.616,140.984,155.605
2022-07-20,150.624,140.901,155.659
2022-07-21,152.897,140.966,155.742
2022-07-22,151.657,140.957,155.809
2022-07-25,150.535,141.084,155.866
2022-07-26,149.206,141.262,155.909
2022-07-27,154.314,141.453,155.981
2022-07-28,154.865,141.685,156.055
2022-07-29,159.944,141.947,156.162
2022-08-01,158.96,142.354,156.266
2022-08-02,157.483,142.8,156.349
2022-08-03,163.507,143.362,156.457
2022-08-04,163.192,143.808,156.554
2022-08-05,162.965,144.305,156.64
2022-08-08,162.492,144.789,156.721
2022-08-09,162.541,145.209,156.801
2022-08-10,166.799,145.6,156.907
2022-08-11,166.06,145.991,157.009
2022-08-12,169.618,146.456,157.125
2022-08-15,170.692,146.894,157.249
2022-08-16,170.534,147.443,157.354
2022-08-17,172.033,148.007,157.48
2022-08-18,171.638,148.512,157.608
2022-08-19,169.046,148.981,157.718
2022-08-22,165.153,149.476,157.802
2022-08-23,164.818,150.073,157.886
2022-08-24,165.114,150.779,157.969
2022-08-25,167.578,151.518,158.069
2022-08-26,161.26,152.077,158.135
2022-08-29,159.052,152.698,158.204
2022-08-30,156.618,153.241,158.262
2022-08-31,154.952,153.665,158.3
2022-09-01,155.682,154.115,158.343
2022-09-02,153.563,154.464,158.37
2022-09-06,152.301,154.722,158.378
2022-09-07,153.711,155.007,158.372
2022-09-08,152.232,155.347,158.345
2022-09-09,155.1,155.708,158.33
2022-09-12,161.073,156.238,158.343
2022-09-13,151.621,156.536,158.307
2022-09-14,153.07,156.811,158.302
2022-09-15,150.172,157.001,158.267
2022-09-16,148.526,157.091,158.198
2022-09-19,152.252,157.241,158.151
2022-09-20,154.637,157.483,158.121
2022-09-21,151.503,157.641,158.084
2022-09-22,150.537,157.788,158.025
2022-09-23,148.26,157.831,157.926
2022-09-26,148.595,157.847,157.81
2022-09-27,149.571,157.943,157.701
2022-09-28,147.679,157.925,157.559
2022-09-29,140.425,157.721,157.399
2022-09-30,136.207,157.387,157.224
2022-10-03,140.395,157.162,157.046
2022-10-04,143.993,157.031,156.921
2022-10-05,144.288,156.933,156.802
2022-10-06,143.332,156.713,156.686
2022-10-07,138.069,156.377,156.527
2022-10-10,138.395,155.946,156.357
2022-10-11,136.975,155.506,156.177
2022-10-12,136.345,155.084,155.974
2022-10-13,140.928,154.632,155.799
2022-10-14,136.384,154.096,155.6
2022-10-17,140.356,153.644,155.428
2022-10-18,141.677,153.227,155.264
2022-10-19,141.785,152.812,155.08
2022-10-20,141.322,152.303,154.905
2022-10-21,145.146,151.884,154.772
2022-10-24,147.295,151.438,154.665
2022-10-25,150.143,151.027,154.57
2022-10-26,147.196,150.56,154.461
2022-10-27,142.712,149.974,154.316
2022-10-28,153.494,149.611,154.222
2022-10-31,151.128,149.252,154.132
2022-11-01,148.477,148.919,154.025
2022-11-02,142.938,148.481,153.907
2022-11-03,136.877,147.917,153.775
2022-11-04,136.61,147.297,153.651
2022-11-07,137.144,146.815,153.54
2022-11-08,137.716,146.388,153.435
2022-11-09,133.145,145.919,153.317
2022-11-10,144.992,145.72,153.258
2022-11-11,147.786,145.562,153.215
2022-11-14,146.384,145.418,153.111
2022-11-15,148.121,145.334,152.994
2022-11-16,146.887,145.198,152.872
2022-11-17,148.793,145.129,152.753
2022-11-18,149.355,145.014,152.651
2022-11-21,146.117,144.715,152.535
2022-11-22,148.26,144.648,152.432
2022-11-23,149.138,144.569,152.319
2022-11-25,146.216,144.49,152.184
2022-11-28,142.376,144.367,152.05
2022-11-29,139.365,144.109,151.918
2022-11-30,146.137,143.939,151.819
2022-12-01,146.413,143.838,151.702
2022-12-02,145.92,143.745,151.584
2022-12-05,144.755,143.675,151.478
2022-12-06,141.082,143.525,151.361
2022-12-07,139.138,143.316,151.249
2022-12-08,140.826,143.179,151.167
2022-12-09,140.342,143.178,151.069
2022-12-12,142.642,143.306,150.972
2022-12-13,143.61,143.37,150.879
2022-12-14,141.379,143.318,150.784
2022-12-15,134.754,143.128,150.639
2022-12-16,132.79,142.917,150.486
2022-12-19,130.677,142.769,150.338
2022-12-20,130.608,142.613,150.208
2022-12-21,133.718,142.548,150.103
2022-12-22,130.539,142.432,149.955
2022-12-23,130.174,142.217,149.827
2022-12-27,128.367,142.056,149.708
2022-12-28,124.428,141.738,149.59
2022-12-29,127.953,141.463,149.468
2022-12-30,128.268,141.193,149.325
2023-01-03,123.471,140.836,149.153
2023-01-04,124.744,140.428,148.971
2023-01-05,123.421,139.951,148.776
2023-01-06,127.962,139.507,148.586
2023-01-09,128.486,139.133,148.392
2023-01-10,129.058,138.86,148.182
2023-01-11,131.783,138.425,147.982
2023-01-12,131.704,138.037,147.778
2023-01-13,133.037,137.728,147.564
2023-01-17,134.202,137.553,147.361
2023-01-18,133.481,137.485,147.171
2023-01-19,133.54,137.424,146.982
2023-01-20,136.107,137.403,146.786
2023-01-23,139.305,137.435,146.622
2023-01-24,140.707,137.586,146.481
2023-01-25,140.046,137.487,146.335
2023-01-26,142.119,137.374,146.21
2023-01-27,144.064,137.328,146.116
2023-01-30,141.171,137.189,145.998
2023-01-31,142.445,137.1,145.873
2023-02-01,143.57,136.995,145.779
2023-02-02,148.891,136.986,145.712
2023-02-03,152.524,137.114,145.652
2023-02-06,149.79,137.145,145.579
2023-02-07,152.672,137.216,145.525
2023-02-08,149.977,137.291,145.48
2023-02-09,148.941,137.422,145.424
2023-02-10,149.307,137.621,145.4
2023-02-13,152.114,137.74,145.391
2023-02-14,151.472,137.842,145.345
2023-02-15,153.578,137.995,145.338
2023-02-16,151.976,138.139,145.321
2023-02-17,150.829,138.334,145.292
2023-02-21,146.805,138.488,145.21
2023-02-22,147.23,138.616,145.176
2023-02-23,147.715,138.763,145.141
2023-02-24,145.055,138.811,145.118
2023-02-27,146.251,138.864,145.088
2023-02-28,145.747,138.952,145.096
2023-03-01,143.671,139.13,145.113
2023-03-02,144.264,139.359,145.11
2023-03-03,149.326,139.732,145.141
2023-03-06,152.095,140.162,145.167
2023-03-07,149.89,140.485,145.223
2023-03-08,151.146,140.898,145.303
2023-03-09,148.891,141.272,145.371
2023-03-10,146.825,141.641,145.4
2023-03-13,148.773,142.128,145.454
2023-03-14,150.869,142.586,145.516
2023-03-15,151.264,143.046,145.565
2023-03-16,154.092,143.659,145.599
2023-03-17,153.252,144.229,145.633
2023-03-20,155.624,144.873,145.679
2023-03-21,157.483,145.463,145.723
2023-03-22,156.05,146.015,145.788
2023-03-23,157.137,146.576,145.854
2023-03-24,158.442,147.109,145.914
2023-03-27,156.495,147.605,145.969
2023-03-28,155.872,148.062,146.046
2023-03-29,158.956,148.557,146.166
2023-03-30,160.528,149.098,146.32
2023-03-31,163.04,149.688,146.482
2023-04-03,164.296,150.252,146.637
2023-04-04,163.762,150.741,146.816
2023-04-05,161.913,151.165,146.978
2023-04-06,162.803,151.62,147.123
2023-04-10,160.202,151.982,147.258
2023-04-11,158.986,152.28,147.372
2023-04-12,158.294,152.623,147.467
2023-04-13,163.692,153.048,147.588
2023-04-14,163.346,153.443,147.729
2023-04-17,163.366,153.733,147.86
2023-04-18,164.592,153.974,148.01
2023-04-19,165.739,154.293,148.155
2023-04-20,164.77,154.535,148.283
2023-04-21,163.158,154.798,148.395
2023-04-24,163.465,155.089,148.492
2023-04-25,161.923,155.341,148.578
2023-04-26,161.913,155.537,148.675
2023-04-27,166.51,155.838,148.79
2023-04-28,167.766,156.122,148.913
2023-05-01,167.677,156.436,149.02
2023-05-02,166.639,156.752,149.115
2023-05-03,165.561,157.127,149.219
2023-05-04,163.92,157.461,149.295
2023-05-05,171.612,157.939,149.4
2023-05-08,171.543,158.469,149.493
2023-05-09,169.832,158.94,149.584
2023-05-10,171.602,159.457,149.689
2023-05-11,171.79,160.02,149.802
2023-05-12,170.859,160.552,149.885
2023-05-15,170.364,160.972,149.963
2023-05-16,170.364,161.338,150.015
2023-05-17,170.978,161.76,150.075
2023-05-18,173.315,162.203,150.154
2023-05-19,173.424,162.694,150.204
2023-05-22,172.473,163.207,150.25
2023-05-23,169.859,163.628,150.284
2023-05-24,170.137,164.014,150.323
2023-05-25,171.275,164.414,150.366
2023-05-26,173.691,164.806,150.401
2023-05-30,175.542,165.252,150.448
2023-05-31,175.493,165.649,150.478
2023-06-01,178.305,166.065,150.516
2023-06-02,179.156,166.528,150.559
2023-06-05,177.8,166.941,150.588
2023-06-06,177.433,167.321,150.617
2023-06-07,176.057,167.712,150.652
2023-06-08,178.78,168.17,150.72
2023-06-09,179.166,168.574,150.791
2023-06-12,181.968,169.003,150.876
2023-06-13,181.493,169.372,150.945
2023-06-14,182.127,169.729,151.05
2023-06-15,184.166,170.137,151.175
2023-06-16,183.087,170.56,151.308
2023-06-20,183.176,170.968,151.449
2023-06-21,182.136,171.406,151.581
2023-06-22,185.146,171.93,151.739
2023-06-23,184.829,172.46,151.902
2023-06-26,183.433,172.855,152.05
2023-06-27,186.196,173.312,152.22
2023-06-28,187.374,173.792,152.381
2023-06-29,187.711,174.255,152.515
2023-06-30,192.047,174.781,152.717
2023-07-03,190.552,175.296,152.904
2023-07-05,189.433,175.822,153.1
2023-07-06,189.909,176.351,153.307
2023-07-07,188.79,176.888,153.49
2023-07-10,186.74,177.385,153.65
2023-07-11,186.216,177.779,153.824
2023-07-12,187.889,178.181,154.011
2023-07-13,188.651,178.601,154.213
2023-07-14,188.8,179.044,154.414
2023-07-17,192.067,179.574,154.626
2023-07-18,191.81,180.132,154.847
2023-07-19,193.166,180.563,155.111
2023-07-20,191.215,180.956,155.386
2023-07-21,190.037,181.361,155.634
2023-07-24,190.839,181.745,155.868
2023-07-25,191.701,182.144,156.105
2023-07-26,192.572,182.578,156.351
2023-07-27,191.305,182.997,156.618
2023-07-28,193.889,183.467,156.895
2023-07-31,194.503,183.938,157.183
2023-08-01,193.671,184.345,157.469
2023-08-02,190.671,184.69,157.718
2023-08-03,189.275,185.026,157.982
2023-08-04,180.186,185.232,158.182
2023-08-07,177.077,185.371,158.359
2023-08-08,178.018,185.506,158.54
2023-08-09,176.424,185.561,158.715
2023-08-10,176.206,185.574,158.871
2023-08-11,176.265,185.589,159.015
2023-08-14,177.921,185.582,159.154
2023-08-15,175.928,185.517,159.298
2023-08-16,175.056,185.462,159.46
2023-08-17,172.508,185.364,159.555
2023-08-18,172.994,185.302,159.664
2023-08-21,174.332,185.213,159.793
2023-08-22,175.71,185.144,159.957
2023-08-23,179.567,185.096,160.171
2023-08-24,174.867,184.964,160.362
2023-08-25,177.078,184.863,160.562
2023-08-28,178.645,184.752,160.766
2023-08-29,182.541,184.741,161.013
2023-08-30,186.041,184.799,161.218
2023-08-31,186.259,184.881,161.411
2023-09-01,187.835,184.935,161.618
2023-09-05,188.073,185,161.818
2023-09-06,181.341,184.958,161.99
2023-09-07,176.037,184.755,162.126
2023-09-08,176.652,184.54,162.263
2023-09-11,177.822,184.343,162.421
2023-09-12,174.788,183.997,162.554
2023-09-13,172.716,183.641,162.672
2023-09-14,174.233,183.337,162.812
2023-09-15,173.509,183.009,162.968
2023-09-18,176.444,182.762,163.153
2023-09-19,177.534,182.578,163.31
2023-09-20,173.985,182.333,163.448
2023-09-21,172.438,182.024,163.58
2023-09-22,173.291,181.717,163.723
2023-09-25,174.57,181.432,163.891
2023-09-26,170.485,181.001,164.047
2023-09-27,168.968,180.544,164.188
2023-09-28,169.226,180.065,164.332
2023-09-29,169.742,179.635,164.468
2023-10-02,172.26,179.28,164.611
2023-10-03,170.921,178.882,164.759
2023-10-04,172.171,178.491,164.946
2023-10-05,173.41,178.108,165.149
2023-10-06,175.968,177.801,165.376
2023-10-09,177.455,177.472,165.61
2023-10-10,176.86,177.119,165.826
2023-10-11,178.258,176.811,166.064
2023-10-12,179.16,176.581,166.309
2023-10-13,177.316,176.342,166.554
2023-10-16,177.187,176.282,166.818
2023-10-17,175.631,176.253,167.056
2023-10-18,174.332,176.179,167.286
2023-10-19,173.955,176.13,167.539
2023-10-20,171.397,176.034,167.772
2023-10-23,171.516,175.939,168.012
2023-10-24,171.953,175.819,168.232
2023-10-25,169.633,175.693,168.438
2023-10-26,165.459,175.501,168.62
2023-10-27,166.777,175.387,168.795
2023-10-30,168.83,175.304,168.981
2023-10-31,169.305,175.203,169.162
2023-11-01,172.478,175.138,169.353
2023-11-02,176.047,175.068,169.566
2023-11-03,175.135,175.073,169.774
2023-11-06,177.693,175.086,169.982
2023-11-07,180.261,175.118,170.187
2023-11-08,181.322,175.094,170.39
2023-11-09,180.846,174.99,170.594
2023-11-10,185.045,174.965,170.809
2023-11-13,183.457,174.878,171.006
2023-11-14,186.077,174.838,171.23
2023-11-15,186.643,174.944,171.451
2023-11-16,188.331,175.19,171.675
2023-11-17,188.311,175.423,171.872
2023-11-20,190.058,175.668,172.06
2023-11-21,189.254,175.957,172.257
2023-11-22,189.919,176.301,172.443
2023-11-24,188.589,176.588,172.636
2023-11-27,188.41,176.886,172.834
2023-11-28,189.016,177.138,173.032
2023-11-29,187.993,177.347,173.212
2023-11-30,188.569,177.639,173.397
2023-12-01,189.85,177.987,173.578
2023-12-04,188.053,178.282,173.759
2023-12-05,192.014,178.631,173.965
2023-12-06,190.922,179.04,174.185
2023-12-07,192.858,179.517,174.414
2023-12-08,194.287,180.019,174.646
2023-12-11,191.776,180.459,174.88
2023-12-12,193.294,180.88,175.115
2023-12-13,196.521,181.392,175.369
2023-12-14,196.67,181.882,175.634
2023-12-15,196.134,182.336,175.893
2023-12-18,194.466,182.706,176.119
2023-12-19,195.508,183.068,176.336
2023-12-20,193.414,183.399,176.554
2023-12-21,193.265,183.699,176.764
2023-12-22,192.193,183.959,176.981
2023-12-26,191.647,184.246,177.205
2023-12-27,191.746,184.537,177.42
2023-12-28,192.173,184.868,177.626
2023-12-29,191.13,185.204,177.826
2024-01-02,184.29,185.411,177.977
2024-01-03,182.911,185.641,178.125
2024-01-04,180.588,185.822,178.25
2024-01-05,179.863,185.981,178.362
2024-01-08,184.211,186.272,178.503
2024-01-09,183.794,186.639,178.636
2024-01-10,184.836,187,178.768
2024-01-11,184.241,187.308,178.907
2024-01-12,184.568,187.613,179.05
2024-01-16,182.295,187.81,179.167
2024-01-17,181.352,187.916,179.271
2024-01-18,187.259,188.158,179.392
2024-01-19,190.167,188.408,179.521
2024-01-22,192.48,188.652,179.665
2024-01-23,193.761,188.901,179.824
2024-01-24,193.086,189.146,179.976
2024-01-25,192.758,189.3,180.138
2024-01-26,191.021,189.451,180.298
2024-01-29,190.336,189.537,180.459
2024-01-30,186.673,189.537,180.574
2024-01-31,183.059,189.432,180.672
2024-02-01,185.502,189.376,180.783
2024-02-02,184.499,189.264,180.882
2024-02-05,186.316,189.206,180.985
2024-02-06,187.924,189.166,181.101
2024-02-07,188.033,189.155,181.225
2024-02-08,186.951,189.125,181.343
2024-02-09,187.716,189.099,181.472
2024-02-12,186.027,189.06,181.592
2024-02-13,183.929,188.967,181.679
2024-02-14,183.045,188.831,181.756
2024-02-15,182.756,188.725,181.831
2024-02-16,181.216,188.509,181.904
2024-02-20,180.47,188.3,181.979
2024-02-21,181.226,188.068,182.065
2024-02-22,183.263,187.847,182.123
2024-02-23,181.424,187.64,182.173
2024-02-26,180.072,187.376,182.224
2024-02-27,181.534,187.076,182.274
2024-02-28,180.331,186.749,182.316
2024-02-29,179.665,186.42,182.36
2024-03-01,178.581,186.102,182.402
2024-03-04,174.049,185.673,182.42
2024-03-05,169.099,185.187,182.411
2024-03-06,168.105,184.683,182.384
2024-03-07,167.985,184.199,182.357
2024-03-08,169.705,183.76,182.343
2024-03-11,171.713,183.36,182.353
2024-03-12,172.19,182.96,182.363
2024-03-13,170.103,182.54,182.357
2024-03-14,171.961,182.293,182.348
2024-03-15,171.584,182.066,182.329
2024-03-18,172.677,181.908,182.315
2024-03-19,175.023,181.811,182.298
2024-03-20,177.597,181.679,182.29
2024-03-21,170.341,181.41,182.253
2024-03-22,171.246,181.138,182.222
2024-03-25,169.824,180.85,182.191
2024-03-26,168.691,180.532,182.141
2024-03-27,172.27,180.332,182.106
2024-03-28,170.451,180.114,182.049
2024-04-01,169.009,179.749,181.986
2024-04-02,167.826,179.302,181.915
2024-04-03,168.632,178.825,181.837
2024-04-04,167.807,178.306,181.761
2024-04-05,168.562,177.816,181.687
2024-04-08,167.439,177.309,181.614
2024-04-09,168.651,176.862,181.531
2024-04-10,166.773,176.39,181.441
2024-04-11,173.989,176.137,181.394
2024-04-12,175.49,175.985,181.34
2024-04-15,171.653,175.708,181.262
2024-04-16,168.363,175.386,181.165
2024-04-17,166.991,174.999,181.04
2024-04-18,166.037,174.562,180.917
2024-04-19,164.009,174.081,180.79
2024-04-22,164.844,173.639,180.665
2024-04-23,165.898,173.203,180.55
2024-04-24,168.005,172.842,180.457
2024-04-25,168.87,172.541,180.37
2024-04-26,168.284,172.246,180.272
2024-04-29,172.458,172.04,180.191
2024-04-30,169.307,171.802,180.094
2024-05-01,168.284,171.558,179.975
2024-05-02,171.991,171.373,179.875
2024-05-03,182.279,171.354,179.821
2024-05-06,180.619,171.337,179.768
2024-05-07,181.305,171.362,179.724
2024-05-08,181.643,171.364,179.678
2024-05-09,183.462,171.427,179.637
2024-05-10,182.198,171.478,179.585
2024-05-13,185.413,171.614,179.556
2024-05-14,186.558,171.864,179.519
2024-05-15,188.837,172.259,179.491
2024-05-16,188.956,172.676,179.467
2024-05-17,188.986,173.096,179.459
2024-05-20,190.151,173.505,179.463
2024-05-21,191.455,173.9,179.52
2024-05-22,190.011,174.256,179.584
2024-05-23,186.01,174.574,179.624
2024-05-24,189.096,174.917,179.688
2024-05-28,189.106,175.268,179.752
2024-05-29,189.404,175.602,179.818
2024-05-30,190.4,175.91,179.88
2024-05-31,191.355,176.185,179.957
2024-06-03,193.127,176.641,180.048
2024-06-04,193.445,177.085,180.152
2024-06-05,194.958,177.587,180.262
2024-06-06,193.575,178.085,180.358
2024-06-07,195.973,178.559,180.46
2024-06-10,192.221,178.994,180.523
2024-06-11,206.186,179.738,180.68
2024-06-12,212.078,180.623,180.855
2024-06-13,213.243,181.515,181.028
2024-06-14,211.501,182.389,181.172
2024-06-17,215.661,183.331,181.321
2024-06-18,213.292,184.248,181.456
2024-06-20,208.704,185.049,181.56
2024-06-21,206.524,185.844,181.652
2024-06-24,207.171,186.508,181.781
2024-06-25,208.097,187.16,181.942
2024-06-26,212.257,187.972,182.12
2024-06-27,213.103,188.867,182.296
2024-06-28,209.64,189.72,182.47
2024-07-01,215.741,190.714,182.686
2024-07-02,219.245,191.819,182.911
2024-07-03,220.519,192.932,183.146
2024-07-05,225.286,194.12,183.39
2024-07-08,226.76,195.295,183.636
2024-07-09,227.616,196.47,183.904
2024-07-10,231.896,197.742,184.201
2024-07-11,226.511,198.823,184.468
2024-07-12,229.467,200.026,184.742
2024-07-15,233.309,201.327,185.056
2024-07-16,233.727,202.562,185.38
2024-07-17,227.815,203.472,185.673
2024-07-18,223.136,204.323,185.94
2024-07-19,223.266,205.162,186.195
2024-07-22,222.917,205.987,186.455
2024-07-23,223.963,206.797,186.714
2024-07-24,217.523,207.504,186.934
2024-07-25,216.478,208.125,187.137
2024-07-26,216.945,208.733,187.334
2024-07-29,217.224,209.301,187.536
2024-07-30,217.782,209.877,187.734
2024-07-31,221.046,210.518,187.943
2024-08-01,217.344,211.062,188.143
2024-08-02,218.837,211.61,188.352
2024-08-05,208.296,211.975,188.515
2024-08-06,206.265,212.381,188.675
2024-08-07,208.843,212.776,188.849
2024-08-08,212.317,213.24,189.054
2024-08-09,215.233,213.756,189.272
2024-08-12,216.768,214.284,189.496
2024-08-13,220.495,214.866,189.751
2024-08-14,220.943,215.423,190.028
2024-08-15,223.933,216.033,190.314
2024-08-16,225.258,216.639,190.596
2024-08-19,225.099,217.269,190.875
2024-08-20,225.717,217.864,191.141
2024-08-21,225.607,218.532,191.389
2024-08-22,223.744,218.883,191.632
2024-08-23,226.045,219.162,191.874
2024-08-26,226.384,219.425,192.104
2024-08-27,227.231,219.74,192.334
2024-08-28,225.697,219.94,192.558
2024-08-29,228.985,220.254,192.778
2024-08-30,228.198,220.644,193.002
2024-09-03,221.99,220.953,193.181
2024-09-04,220.076,221.211,193.348
2024-09-05,221.601,221.482,193.515
2024-09-06,220.047,221.637,193.673
2024-09-09,220.136,221.778,193.824
2024-09-10,219.339,221.972,193.974
2024-09-11,221.88,222.095,194.134
2024-09-12,221.99,222.15,194.301
2024-09-13,221.721,222.174,194.468
2024-09-16,215.562,221.979,194.6
2024-09-17,216.031,221.765,194.74
2024-09-18,219.917,221.611,194.897
2024-09-19,228.068,221.534,195.088
2024-09-20,227.401,221.552,195.285
2024-09-23,225.677,221.476,195.453
2024-09-24,226.574,221.341,195.632
2024-09-25,225.577,221.178,195.795
2024-09-26,226.723,221.157,195.957
2024-09-27,226.992,221.234,196.133
2024-09-30,232.184,221.412,196.328
2024-10-01,225.418,221.462,196.472
2024-10-02,225.986,221.502,196.619
2024-10-03,224.88,221.65,196.763
2024-10-04,226.006,221.84,196.92
2024-10-07,220.913,221.92,197.047
2024-10-08,224.979,222.075,197.205
2024-10-09,228.736,222.294,197.383
2024-10-10,228.238,222.438,197.563
2024-10-11,226.753,222.626,197.738
2024-10-14,230.49,222.859,197.932
2024-10-15,233.031,223.354,198.136
2024-10-16,230.968,223.848,198.336
2024-10-17,231.337,224.297,198.571
2024-10-18,234.177,224.735,198.827
2024-10-21,235.652,225.143,199.102
2024-10-22,235.034,225.508,199.378
2024-10-23,229.952,225.697,199.607
2024-10-24,229.762,225.874,199.837
2024-10-25,230.599,226.007,200.066
2024-10-28,232.582,226.154,200.307
2024-10-29,232.852,226.309,200.549
2024-10-30,229.294,226.38,200.784
2024-10-31,225.119,226.37,201.003
2024-11-01,222.129,226.338,201.177
2024-11-04,221.232,226.242,201.332
2024-11-05,222.667,226.168,201.483
2024-11-06,221.94,226.062,201.624
2024-11-07,226.683,226.081,201.792
2024-11-08,226.414,226.03,201.96
2024-11-11,223.69,225.94,202.124
2024-11-12,223.69,225.974,202.29
2024-11-13,224.578,226.064,202.48
2024-11-14,227.671,226.185,202.703
2024-11-15,224.459,226.274,202.898
2024-11-18,227.471,226.42,203.113
2024-11-19,227.731,226.588,203.32
2024-11-20,228.449,226.72,203.522
2024-11-21,227.97,226.839,203.722
2024-11-22,229.317,226.991,203.934
2024-11-25,232.31,227.326,204.157
2024-11-26,234.494,227.695,204.399
2024-11-27,234.365,227.984,204.651
2024-11-29,236.759,228.158,204.92
2024-12-02,239.013,228.39,205.201
2024-12-03,242.066,228.718,205.506
2024-12-04,242.425,229.035,205.815
2024-12-05,242.455,229.373,206.121
2024-12-06,242.256,229.683,206.416
2024-12-09,246.156,230.067,206.74
2024-12-10,247.174,230.366,207.076
2024-12-11,245.897,230.776,207.397
2024-12-12,247.363,231.204,207.733
2024-12-13,247.533,231.657,208.072
2024-12-16,250.436,232.145,208.431
2024-12-17,252.87,232.784,208.825
2024-12-18,247.453,233.234,209.217
2024-12-19,249.189,233.643,209.622
2024-12-20,253.878,234.156,210.052
2024-12-23,254.656,234.714,210.477
2024-12-24,257.579,235.256,210.906
2024-12-26,258.397,235.763,211.337
2024-12-27,254.975,236.243,211.761
2024-12-30,251.593,236.648,212.16
2024-12-31,249.817,236.961,212.551
2025-01-02,243.263,237.113,212.904
2025-01-03,242.774,237.268,213.242
2025-01-06,244.41,237.557,213.576
2025-01-07,241.627,237.794,213.933
2025-01-08,242.116,238.025,214.287
2025-01-10,236.28,238.099,214.62
2025-01-13,233.836,238.118,214.945
2025-01-14,232.719,238.187,215.247
2025-01-15,237.298,238.43,215.582
2025-01-16,227.711,238.542,215.875
2025-01-17,229.427,238.706,216.183
2025-01-21,222.104,238.695,216.451
2025-01-22,223.291,238.722,216.728
2025-01-23,223.122,238.651,217.001
2025-01-24,222.244,238.567,217.275
2025-01-27,229.307,238.679,217.578
2025-01-28,237.687,238.959,217.933
2025-01-29,238.784,239.243,218.257
2025-01-30,237.018,239.43,218.564
2025-01-31,235.432,239.65,218.883
2025-02-03,227.461,239.65,219.179
2025-02-04,232.24,239.74,219.505
2025-02-05,231.911,239.809,219.834
2025-02-06,232.659,239.903,220.178
2025-02-07,227.082,239.858,220.489
2025-02-10,227.352,239.759,220.796
2025-02-11,232.315,239.715,221.118
2025-02-12,236.56,239.759,221.456
2025-02-13,241.214,239.848,221.821
2025-02-14,244.28,239.954,222.18
2025-02-18,244.15,239.995,222.554
2025-02-19,244.549,240.038,222.935
2025-02-20,245.508,240.099,223.303
2025-02-21,245.228,240.158,223.618
2025-02-24,246.776,240.171,223.948
2025-02-25,246.716,240.162,224.275
2025-02-26,240.045,240.045,224.567
2025-02-27,236.989,239.837,224.835
2025-02-28,241.523,239.717,225.132
2025-03-03,237.718,239.463,225.393
2025-03-04,235.621,239.118,225.639
2025-03-05,235.431,238.877,225.872
2025-03-06,235.022,238.594,226.102
2025-03-07,238.757,238.291,226.351
2025-03-10,227.182,237.742,226.536
2025-03-11,220.551,237.001,226.681
2025-03-12,216.696,236.167,226.815
2025-03-13,209.405,235.256,226.932
2025-03-14,213.21,234.488,227.052
2025-03-17,213.72,233.766,227.175
2025-03-18,212.411,233.149,227.29
2025-03-19,214.958,232.593,227.413
2025-03-20,213.82,231.981,227.526
2025-03-21,217.984,231.508,227.65
2025-03-24,220.441,231.075,227.785
2025-03-25,223.457,230.818,227.927
2025-03-26,221.24,230.567,228.066
2025-03-27,223.557,230.383,228.204
2025-03-28,217.615,229.99,228.331
2025-03-31,221.839,229.872,228.409
2025-04-01,222.898,229.742,228.463
2025-04-02,223.597,229.771,228.515
2025-04-03,202.924,229.364,228.472
2025-04-04,188.133,228.664,228.334
2025-04-07,181.222,227.844,228.174
2025-04-08,172.194,226.702,227.991
2025-04-09,198.59,225.92,227.952
2025-04-10,190.171,224.947,227.867
2025-04-11,197.89,224.165,227.816
2025-04-14,202.255,223.501,227.766
2025-04-15,201.875,222.99,227.709
2025-04-16,194.016,222.225,227.631
2025-04-17,196.722,221.521,227.536
2025-04-21,192.907,220.726,227.404
2025-04-22,199.478,220.174,227.299
2025-04-23,204.332,219.714,227.195
2025-04-24,208.097,219.23,227.101
2025-04-25,209.006,218.678,227.008
2025-04-28,209.865,218.051,226.898
2025-04-29,210.933,217.385,226.82
2025-04-30,212.222,216.746,226.734
2025-05-01,213.041,216.116,226.633
2025-05-02,205.081,215.307,226.489
2025-05-05,198.63,214.375,226.343
2025-05-06,198.25,213.405,226.219
2025-05-07,195.993,212.39,226.083
2025-05-08,197.231,211.534,225.954
2025-05-09,198.27,210.76,225.826
2025-05-12,210.79,210.145,225.792
2025-05-13,212.93,209.649,225.774
2025-05-14,212.33,209.183,225.751
2025-05-15,211.45,208.704,225.722
2025-05-16,211.26,208.229,225.69
2025-05-19,208.78,207.629,225.628
2025-05-20,206.86,207.223,225.576
2025-05-21,202.09,206.853,225.492
2025-05-22,201.36,206.547,225.458
2025-05-23,195.27,206.264,225.403
2025-05-27,200.21,206.004,225.359
2025-05-28,200.42,205.738,225.3
2025-05-29,199.95,205.489,225.224
2025-05-30,200.85,205.206,225.144
2025-06-02,201.7,204.964,225.05
2025-06-03,203.27,204.67,224.962
2025-06-04,202.82,204.317,224.856
2025-06-05,200.63,203.861,224.733
2025-06-06,203.92,203.514,224.627
2025-06-09,201.45,203.072,224.506
2025-06-10,202.67,202.773,224.391
2025-06-11,198.78,202.312,224.266
2025-06-12,199.2,201.838,224.132
2025-06-13,196.45,201.295,223.982
2025-06-16,198.42,201.205,223.838
2025-06-17,195.64,201.355,223.688
2025-06-18,196.58,201.663,223.526
2025-06-20,201,202.239,223.39
2025-06-23,201.5,202.297,223.287
2025-06-24,200.3,202.499,223.189
2025-06-25,201.56,202.573,223.088
2025-06-26,201,202.548,222.993
2025-06-27,201.08,202.532,222.898
